<assembly xmlns="http://maven.apache.org/ASSEMBLY/2.1.0" xmlns:xsi="http://www.w3.org/2001/XMLSchema-instance" xsi:schemaLocation="http://maven.apache.org/ASSEMBLY/2.1.0 http://maven.apache.org/xsd/assembly-2.1.0.xsd">
<id>src</id>
<formats>
<format>zip</format>
</formats>
<fileSets>
<fileSet>
<directory>${project.basedir}</directory>
<includes>
<include>README*</include>
<include>LICENSE*</include>
<include>NOTICE*</include>
<include>*.xml</include>
</includes>
<useDefaultExcludes>true</useDefaultExcludes>
</fileSet>
<fileSet>
<directory>${project.basedir}/src</directory>
<useDefaultExcludes>true</useDefaultExcludes>
</fileSet>
<fileSet>
<directory>${project.basedir}/samples</directory>
<useDefaultExcludes>true</useDefaultExcludes>
</fileSet>
<fileSet>
<directory>${project.basedir}/mkdocs</directory>
<useDefaultExcludes>true</useDefaultExcludes>
</fileSet>
<fileSet>
<directory>${project.basedir}/bindist</directory>
<useDefaultExcludes>true</useDefaultExcludes>
</fileSet>
</fileSets>
</assembly>